{
  "id": "3473891",
  "name": "WPF",
  "font_family": "iconfont",
  "css_prefix_text": "icon-",
  "description": "",
  "glyphs": [
    {
      "icon_id": "4347520",
      "name": "icon_添加",
      "font_class": "icon_tianjia",
      "unicode": "eb89",
      "unicode_decimal": 60297
    },
    {
      "icon_id": "4723191",
      "name": "图片加载失败",
      "font_class": "tupianjiazaishibai",
      "unicode": "ec0d",
      "unicode_decimal": 60429
    },
    {
      "icon_id": "5387670",
      "name": "云",
      "font_class": "yun",
      "unicode": "eb2c",
      "unicode_decimal": 60204
    },
    {
      "icon_id": "5961322",
      "name": "云端刷新",
      "font_class": "yunduanshuaxin",
      "unicode": "ec60",
      "unicode_decimal": 60512
    },
    {
      "icon_id": "145454",
      "name": "图片",
      "font_class": "tupian1",
      "unicode": "e63e",
      "unicode_decimal": 58942
    },
    {
      "icon_id": "2076242",
      "name": " 图片",
      "font_class": "tupian2",
      "unicode": "e889",
      "unicode_decimal": 59529
    },
    {
      "icon_id": "375533",
      "name": "刷新",
      "font_class": "shuaxin3",
      "unicode": "e69c",
      "unicode_decimal": 59036
    },
    {
      "icon_id": "584789",
      "name": "刷新",
      "font_class": "shuaxin4",
      "unicode": "e627",
      "unicode_decimal": 58919
    },
    {
      "icon_id": "1346717",
      "name": "色块－刷新",
      "font_class": "icon-test",
      "unicode": "e672",
      "unicode_decimal": 58994
    },
    {
      "icon_id": "1366143",
      "name": "刷新2",
      "font_class": "Refresh_",
      "unicode": "e623",
      "unicode_decimal": 58915
    },
    {
      "icon_id": "3176822",
      "name": "Oracle",
      "font_class": "Oracle",
      "unicode": "ea23",
      "unicode_decimal": 59939
    },
    {
      "icon_id": "5939830",
      "name": "下拉刷新",
      "font_class": "xialashuaxin",
      "unicode": "e617",
      "unicode_decimal": 58903
    },
    {
      "icon_id": "5939831",
      "name": "松开刷新",
      "font_class": "songkaishuaxin",
      "unicode": "e618",
      "unicode_decimal": 58904
    },
    {
      "icon_id": "9241143",
      "name": "跳转",
      "font_class": "iconzhengli_tiaozhuan",
      "unicode": "e649",
      "unicode_decimal": 58953
    },
    {
      "icon_id": "18267958",
      "name": "数据库",
      "font_class": "shujuku",
      "unicode": "e997",
      "unicode_decimal": 59799
    },
    {
      "icon_id": "19573954",
      "name": "刷新",
      "font_class": "shuaxin5",
      "unicode": "e6b1",
      "unicode_decimal": 59057
    },
    {
      "icon_id": "29522643",
      "name": "15H刷新",
      "font_class": "a-15Hshuaxin",
      "unicode": "e67b",
      "unicode_decimal": 59003
    },
    {
      "icon_id": "32016190",
      "name": "刷新项目",
      "font_class": "shuaxinxiangmu",
      "unicode": "e613",
      "unicode_decimal": 58899
    },
    {
      "icon_id": "23206666",
      "name": "JOB",
      "font_class": "JOB",
      "unicode": "e632",
      "unicode_decimal": 58930
    },
    {
      "icon_id": "10593747",
      "name": "提醒,感叹号_jurassic",
      "font_class": "jurassic_warn",
      "unicode": "e696",
      "unicode_decimal": 59030
    },
    {
      "icon_id": "11372649",
      "name": "测试",
      "font_class": "ceshi",
      "unicode": "e8ad",
      "unicode_decimal": 59565
    },
    {
      "icon_id": "7621",
      "name": "主页",
      "font_class": "zhuye",
      "unicode": "e609",
      "unicode_decimal": 58889
    },
    {
      "icon_id": "7628",
      "name": "关联附件",
      "font_class": "guanlianfujian",
      "unicode": "e60b",
      "unicode_decimal": 58891
    },
    {
      "icon_id": "7629",
      "name": "返回",
      "font_class": "fanhui2",
      "unicode": "e60c",
      "unicode_decimal": 58892
    },
    {
      "icon_id": "7630",
      "name": "进入",
      "font_class": "jinru",
      "unicode": "e60d",
      "unicode_decimal": 58893
    },
    {
      "icon_id": "7639",
      "name": "窗口放大",
      "font_class": "chuangkoufangda",
      "unicode": "e611",
      "unicode_decimal": 58897
    },
    {
      "icon_id": "7642",
      "name": "图片",
      "font_class": "tupian",
      "unicode": "e612",
      "unicode_decimal": 58898
    },
    {
      "icon_id": "875661",
      "name": "编辑修改",
      "font_class": "bianjixiugai-copy",
      "unicode": "e636",
      "unicode_decimal": 58934
    },
    {
      "icon_id": "2407248",
      "name": "分类",
      "font_class": "tubiao-",
      "unicode": "e650",
      "unicode_decimal": 58960
    },
    {
      "icon_id": "2407262",
      "name": "团队",
      "font_class": "tubiao-1",
      "unicode": "e655",
      "unicode_decimal": 58965
    },
    {
      "icon_id": "8554246",
      "name": "消息管理",
      "font_class": "tubiao_",
      "unicode": "e62c",
      "unicode_decimal": 58924
    },
    {
      "icon_id": "1117",
      "name": "剪切",
      "font_class": "jianqie",
      "unicode": "e608",
      "unicode_decimal": 58888
    },
    {
      "icon_id": "2471392",
      "name": "图片剪切",
      "font_class": "tupianjianqie",
      "unicode": "e67c",
      "unicode_decimal": 59004
    },
    {
      "icon_id": "4075973",
      "name": "电子技术",
      "font_class": "dianzijishu",
      "unicode": "e60a",
      "unicode_decimal": 58890
    },
    {
      "icon_id": "16560702",
      "name": "智能科技-icon-晶圆切割",
      "font_class": "zhinengkeji-icon-18",
      "unicode": "e60f",
      "unicode_decimal": 58895
    },
    {
      "icon_id": "586914",
      "name": "help-o",
      "font_class": "helpo",
      "unicode": "e744",
      "unicode_decimal": 59204
    },
    {
      "icon_id": "629362",
      "name": "提示",
      "font_class": "tishi",
      "unicode": "e653",
      "unicode_decimal": 58963
    },
    {
      "icon_id": "1167186",
      "name": "提示",
      "font_class": "tishi1",
      "unicode": "e648",
      "unicode_decimal": 58952
    },
    {
      "icon_id": "4736213",
      "name": "警告",
      "font_class": "jinggao",
      "unicode": "e610",
      "unicode_decimal": 58896
    },
    {
      "icon_id": "5387593",
      "name": "箭头_右上",
      "font_class": "jiantou_youshang",
      "unicode": "eb0b",
      "unicode_decimal": 60171
    },
    {
      "icon_id": "5387600",
      "name": "箭头_左下",
      "font_class": "jiantou_zuoxia",
      "unicode": "eb0f",
      "unicode_decimal": 60175
    },
    {
      "icon_id": "10156169",
      "name": "警告",
      "font_class": "jinggao1",
      "unicode": "e625",
      "unicode_decimal": 58917
    },
    {
      "icon_id": "10392614",
      "name": "登录",
      "font_class": "denglu1",
      "unicode": "e607",
      "unicode_decimal": 58887
    },
    {
      "icon_id": "11839579",
      "name": "恢复",
      "font_class": "huifu",
      "unicode": "e65f",
      "unicode_decimal": 58975
    },
    {
      "icon_id": "1010127",
      "name": "登录",
      "font_class": "denglu",
      "unicode": "e622",
      "unicode_decimal": 58914
    },
    {
      "icon_id": "1117122",
      "name": "server",
      "font_class": "server",
      "unicode": "e64d",
      "unicode_decimal": 58957
    },
    {
      "icon_id": "1367302",
      "name": "ic_服务器登录",
      "font_class": "ic_fuwuqidenglu",
      "unicode": "e606",
      "unicode_decimal": 58886
    },
    {
      "icon_id": "4766900",
      "name": "cloud-server",
      "font_class": "cloud-server",
      "unicode": "e7d9",
      "unicode_decimal": 59353
    },
    {
      "icon_id": "7029941",
      "name": "弹出窗",
      "font_class": "danchuchuang",
      "unicode": "e630",
      "unicode_decimal": 58928
    },
    {
      "icon_id": "7119672",
      "name": "sqlserver",
      "font_class": "sqlserver",
      "unicode": "e664",
      "unicode_decimal": 58980
    },
    {
      "icon_id": "1243",
      "name": "撤销",
      "font_class": "chexiao",
      "unicode": "e603",
      "unicode_decimal": 58883
    },
    {
      "icon_id": "577338",
      "name": "更多",
      "font_class": "gengduo",
      "unicode": "e73a",
      "unicode_decimal": 59194
    },
    {
      "icon_id": "604646",
      "name": "刷新",
      "font_class": "shuaxin1",
      "unicode": "e62b",
      "unicode_decimal": 58923
    },
    {
      "icon_id": "687392",
      "name": "返回",
      "font_class": "fanhui",
      "unicode": "e6ff",
      "unicode_decimal": 59135
    },
    {
      "icon_id": "1305479",
      "name": "刷新",
      "font_class": "shuaxin2",
      "unicode": "e642",
      "unicode_decimal": 58946
    },
    {
      "icon_id": "1727447",
      "name": "216更多-竖向",
      "font_class": "gengduo-shuxiang",
      "unicode": "e8c4",
      "unicode_decimal": 59588
    },
    {
      "icon_id": "2076271",
      "name": "退出",
      "font_class": "tuichu",
      "unicode": "e892",
      "unicode_decimal": 59538
    },
    {
      "icon_id": "5387519",
      "name": "对号",
      "font_class": "duihao",
      "unicode": "eaf1",
      "unicode_decimal": 60145
    },
    {
      "icon_id": "5387527",
      "name": "加号",
      "font_class": "jiahao",
      "unicode": "eaf3",
      "unicode_decimal": 60147
    },
    {
      "icon_id": "5387532",
      "name": "减号",
      "font_class": "jianhao",
      "unicode": "eaf5",
      "unicode_decimal": 60149
    },
    {
      "icon_id": "6626202",
      "name": "退出",
      "font_class": "tuichu1",
      "unicode": "e620",
      "unicode_decimal": 58912
    },
    {
      "icon_id": "7160243",
      "name": "步骤",
      "font_class": "buzhou",
      "unicode": "e605",
      "unicode_decimal": 58885
    },
    {
      "icon_id": "8453559",
      "name": "返回",
      "font_class": "fanhui1",
      "unicode": "e621",
      "unicode_decimal": 58913
    },
    {
      "icon_id": "10357047",
      "name": "退出",
      "font_class": "tuichu2",
      "unicode": "e69e",
      "unicode_decimal": 59038
    },
    {
      "icon_id": "167445",
      "name": "new",
      "font_class": "new",
      "unicode": "e61d",
      "unicode_decimal": 58909
    },
    {
      "icon_id": "681182",
      "name": "new",
      "font_class": "new1",
      "unicode": "e743",
      "unicode_decimal": 59203
    },
    {
      "icon_id": "10792650",
      "name": "新建任务_新增新建操作_jurassic",
      "font_class": "jurassic_add-task",
      "unicode": "e6ef",
      "unicode_decimal": 59119
    },
    {
      "icon_id": "15628932",
      "name": "新建任务",
      "font_class": "xinjianrenwu",
      "unicode": "e697",
      "unicode_decimal": 59031
    },
    {
      "icon_id": "17413030",
      "name": "Tab New",
      "font_class": "TabNew",
      "unicode": "e723",
      "unicode_decimal": 59171
    },
    {
      "icon_id": "23897337",
      "name": "新建任务",
      "font_class": "xinjianrenwu1",
      "unicode": "e76d",
      "unicode_decimal": 59245
    },
    {
      "icon_id": "145479",
      "name": "添加",
      "font_class": "tianjia",
      "unicode": "e657",
      "unicode_decimal": 58967
    },
    {
      "icon_id": "201638",
      "name": "编辑",
      "font_class": "bianji",
      "unicode": "e600",
      "unicode_decimal": 58880
    },
    {
      "icon_id": "201646",
      "name": "3.1 设置",
      "font_class": "31shezhi",
      "unicode": "e601",
      "unicode_decimal": 58881
    },
    {
      "icon_id": "249476",
      "name": "编辑",
      "font_class": "bianji1",
      "unicode": "e602",
      "unicode_decimal": 58882
    },
    {
      "icon_id": "383686",
      "name": "实心",
      "font_class": "shixin",
      "unicode": "e635",
      "unicode_decimal": 58933
    },
    {
      "icon_id": "3538379",
      "name": "删除",
      "font_class": "shanchu",
      "unicode": "e718",
      "unicode_decimal": 59160
    },
    {
      "icon_id": "4942655",
      "name": "删除",
      "font_class": "shanchu1",
      "unicode": "e61a",
      "unicode_decimal": 58906
    },
    {
      "icon_id": "5387393",
      "name": "添加附件",
      "font_class": "tianjiafujian",
      "unicode": "eac4",
      "unicode_decimal": 60100
    },
    {
      "icon_id": "11036687",
      "name": "编辑表单@2x",
      "font_class": "bianjibiaodanx",
      "unicode": "e641",
      "unicode_decimal": 58945
    },
    {
      "icon_id": "8040222",
      "name": "ts-图标_kvm",
      "font_class": "ts-tubiao_kvm",
      "unicode": "e71e",
      "unicode_decimal": 59166
    },
    {
      "icon_id": "8312086",
      "name": "截图",
      "font_class": "jietu",
      "unicode": "e61f",
      "unicode_decimal": 58911
    },
    {
      "icon_id": "16852660",
      "name": "流程图",
      "font_class": "flowChart",
      "unicode": "e640",
      "unicode_decimal": 58944
    },
    {
      "icon_id": "1312448",
      "name": "icon_ram-memory",
      "font_class": "icon_ram-memory",
      "unicode": "e634",
      "unicode_decimal": 58932
    },
    {
      "icon_id": "8474229",
      "name": "cpu",
      "font_class": "cpu",
      "unicode": "e6b0",
      "unicode_decimal": 59056
    },
    {
      "icon_id": "655441",
      "name": "iconfont-zhishu",
      "font_class": "iconfontzhishu",
      "unicode": "e62a",
      "unicode_decimal": 58922
    },
    {
      "icon_id": "629357",
      "name": "搜索",
      "font_class": "sousuo",
      "unicode": "e651",
      "unicode_decimal": 58961
    },
    {
      "icon_id": "1299794",
      "name": "Maximize-1",
      "font_class": "3zuidahua-1",
      "unicode": "e65d",
      "unicode_decimal": 58973
    },
    {
      "icon_id": "4118038",
      "name": "关闭",
      "font_class": "guanbi1",
      "unicode": "eb6a",
      "unicode_decimal": 60266
    },
    {
      "icon_id": "6160694",
      "name": "最小化",
      "font_class": "zuixiaohua",
      "unicode": "e60e",
      "unicode_decimal": 58894
    },
    {
      "icon_id": "579551",
      "name": "刷新",
      "font_class": "shuaxin",
      "unicode": "e782",
      "unicode_decimal": 59266
    },
    {
      "icon_id": "1299763",
      "name": "Minimize-2",
      "font_class": "2zuixiaohua-2",
      "unicode": "e65c",
      "unicode_decimal": 58972
    },
    {
      "icon_id": "1306794",
      "name": "Maximize-3",
      "font_class": "3zuidahua-3",
      "unicode": "e692",
      "unicode_decimal": 59026
    },
    {
      "icon_id": "2674483",
      "name": "暂停",
      "font_class": "zanting",
      "unicode": "e629",
      "unicode_decimal": 58921
    },
    {
      "icon_id": "5387522",
      "name": "关闭",
      "font_class": "guanbi",
      "unicode": "eaf2",
      "unicode_decimal": 60146
    },
    {
      "icon_id": "5387615",
      "name": "选择器展开",
      "font_class": "xuanzeqizhankai",
      "unicode": "eb15",
      "unicode_decimal": 60181
    },
    {
      "icon_id": "7594045",
      "name": "24gl-pause",
      "font_class": "24gl-pause",
      "unicode": "ea6d",
      "unicode_decimal": 60013
    },
    {
      "icon_id": "7939948",
      "name": "继续播放",
      "font_class": "arrow-",
      "unicode": "e624",
      "unicode_decimal": 58916
    },
    {
      "icon_id": "17772904",
      "name": "继续共享",
      "font_class": "jixugongxiang",
      "unicode": "e631",
      "unicode_decimal": 58929
    },
    {
      "icon_id": "20869462",
      "name": "折叠箭头_Black备份@2x",
      "font_class": "zhediejiantou_Blackbeifen2x",
      "unicode": "e604",
      "unicode_decimal": 58884
    },
    {
      "icon_id": "986225",
      "name": "微博",
      "font_class": "weibo-copy",
      "unicode": "e65a",
      "unicode_decimal": 58970
    },
    {
      "icon_id": "986226",
      "name": "微信",
      "font_class": "weixin-copy",
      "unicode": "e65b",
      "unicode_decimal": 58971
    },
    {
      "icon_id": "4937004",
      "name": "QQ-circle-fill",
      "font_class": "QQ-circle-fill",
      "unicode": "e887",
      "unicode_decimal": 59527
    },
    {
      "icon_id": "6240885",
      "name": "验证码、密码",
      "font_class": "yanzhengmamima",
      "unicode": "e6ba",
      "unicode_decimal": 59066
    },
    {
      "icon_id": "579741",
      "name": "用户",
      "font_class": "yonghu",
      "unicode": "e788",
      "unicode_decimal": 59272
    },
    {
      "icon_id": "11372676",
      "name": "密码",
      "font_class": "mima",
      "unicode": "e8b2",
      "unicode_decimal": 59570
    }
  ]
}
